Date,CHD,CL,KMB,KVUE,PG,SPY
2023-04-25,89.26427459716797,72.83263397216797,128.80679321289062,,145.77108764648438,390.7732238769531
2023-04-26,88.80095672607422,71.87655639648438,127.86300659179688,,144.08399963378906,389.1180114746094
2023-04-27,93.91665649414062,73.04823303222656,130.32928466796875,,145.84564208984375,396.8645324707031
2023-04-28,93.742919921875,74.80108642578125,129.002685546875,,145.76177978515625,400.25189208984375
2023-05-01,93.29891967773438,75.63533020019531,129.85739135742188,,145.93887329101562,399.8478088378906
2023-05-02,93.64639282226562,75.78531646728516,129.8841094970703,,145.808349609375,395.3537902832031
2023-05-03,94.04214477539062,76.16963195800781,129.61703491210938,,145.6219482421875,392.64007568359375
2023-05-04,94.26414489746094,75.72908782958984,128.57530212402344,24.096221923828125,144.95083618164062,389.8590393066406
2023-05-05,94.13865661621094,75.5416030883789,129.2608642578125,23.737918853759766,145.43553161621094,397.0763244628906
2023-05-08,93.25065612792969,75.69158935546875,128.86912536621094,23.74687385559082,144.75509643554688,397.1821594238281
2023-05-09,92.60396575927734,75.58846282958984,128.13902282714844,23.54084587097168,143.2730712890625,395.44036865234375
2023-05-10,92.86456298828125,76.01966094970703,127.68498229980469,23.51397705078125,143.57131958007812,397.28802490234375
2023-05-11,93.02864837646484,76.51644897460938,127.92536926269531,23.29003143310547,143.90689086914062,396.59515380859375
2023-05-12,93.75753021240234,76.84452819824219,128.78897094726562,23.737918853759766,145.37026977539062,396.0754699707031
2023-05-15,93.0412368774414,76.00091552734375,128.0767059326172,24.633686065673828,145.41688537597656,397.44195556640625
2023-05-16,92.60565185546875,75.7103271484375,128.7978973388672,24.212677001953125,145.16522216796875,394.7860412597656
2023-05-17,91.75383758544922,75.46662902832031,128.96705627441406,24.382869720458984,144.55003356933594,399.5783386230469
2023-05-18,91.51183319091797,74.69798278808594,128.0321807861328,24.221635818481445,142.17318725585938,403.42755126953125
2023-05-19,91.98615264892578,74.9229507446289,129.1273193359375,24.391826629638672,142.76971435546875,402.8404846191406
2023-05-22,91.75383758544922,73.4981689453125,125.27210235595703,23.352737426757812,139.03199768066406,403.0041198730469
2023-05-23,90.91168975830078,72.2139892578125,123.37567138671875,23.29003143310547,137.5313262939453,398.4812927246094
2023-05-24,90.67938995361328,71.6890640258789,122.55653381347656,23.693130493164062,136.3941650390625,395.5943298339844
2023-05-25,90.49547576904297,71.47348022460938,122.01344299316406,23.585636138916016,135.5180206298828,399.0201721191406
2023-05-26,90.96011352539062,71.43598937988281,121.35457611083984,23.558761596679688,135.52734375,404.187744140625
2023-05-30,88.78217315673828,70.25489807128906,118.92391967773438,23.04817008972168,133.45803833007812,404.3416748046875
2023-05-31,89.48877716064453,69.7206039428711,119.5560531616211,22.47488021850586,132.82421875,402.0995788574219
2023-06-01,89.7791748046875,70.20803833007812,119.24443054199219,22.64507484436035,134.18508911132812,405.9198913574219
2023-06-02,90.80522918701172,71.2860107421875,121.16761779785156,22.886934280395508,136.57127380371094,411.7900085449219
2023-06-05,91.6183090209961,71.47348022460938,121.63948822021484,22.528627395629883,136.03065490722656,411.0008850097656
2023-06-06,89.92436981201172,70.83606719970703,120.7491226196289,22.54654312133789,134.67910766601562,411.8957824707031
2023-06-07,89.546875,70.48925018310547,120.19710540771484,22.46592140197754,134.9680633544922,410.4716491699219
2023-06-08,90.84393310546875,70.98605346679688,121.00550079345703,22.492795944213867,136.49667358398438,412.954345703125
2023-06-09,91.08594512939453,71.08914947509766,120.80789947509766,22.48383903503418,136.60855102539062,413.6952819824219
2023-06-12,91.17305755615234,70.9766845703125,120.95159912109375,22.41217803955078,135.53665161132812,417.44830322265625
2023-06-13,91.9087142944336,70.5267333984375,120.77195739746094,22.51070785522461,135.2104034423828,420.2005615234375
2023-06-14,92.31527709960938,70.6954574584961,121.36478424072266,22.698823928833008,136.47805786132812,420.7008972167969
2023-06-15,92.77020263671875,71.98902130126953,122.44261932373047,23.066085815429688,138.37022399902344,425.91656494140625
2023-06-16,93.0799560546875,72.90763854980469,123.66416931152344,23.51397705078125,139.38623046875,424.46588134765625
2023-06-20,91.4053726196289,72.75765228271484,122.50547790527344,23.34377670288086,138.0998992919922,422.2636413574219
2023-06-21,93.26385498046875,72.75765228271484,124.08631896972656,23.46918296813965,139.29298400878906,420.10003662109375
2023-06-22,94.42543029785156,73.11384582519531,123.4935073852539,23.78270721435547,139.7683868408203,421.61651611328125
2023-06-23,94.00921630859375,72.27960205078125,123.02643585205078,23.71999740600586,138.3795623779297,418.4290771484375
2023-06-26,94.29960632324219,71.83904266357422,122.50547790527344,23.424396514892578,138.51934814453125,416.71954345703125
2023-06-27,95.61602783203125,70.98605346679688,124.19412231445312,23.191497802734375,139.8336181640625,421.2880859375
2023-06-28,95.31597137451172,71.15477752685547,123.01747131347656,23.11087417602539,139.8056640625,421.50067138671875
2023-06-29,95.79993438720703,71.76405334472656,123.19709777832031,23.281070709228516,139.237060546875,423.1618957519531
2023-06-30,97.01959991455078,72.2139892578125,124.00547790527344,23.6662540435791,141.4368133544922,428.15557861328125
2023-07-03,96.99055480957031,72.30772399902344,123.48450469970703,23.32586097717285,142.14523315429688,428.6481018066406
2023-07-05,96.7195053100586,72.05464172363281,123.62825775146484,23.02130126953125,141.90286254882812,428.0106506347656
2023-07-06,97.01959991455078,72.09213256835938,123.83482360839844,22.94964027404785,141.6698455810547,424.6590270996094
2023-07-07,95.79993438720703,70.85481262207031,121.5803451538086,22.591331481933594,138.69647216796875,423.58685302734375
2023-07-10,95.14173126220703,71.13602447509766,121.41865539550781,22.618202209472656,138.7523651123047,424.6590270996094
2023-07-11,94.66743469238281,70.6673583984375,121.44561767578125,22.46592140197754,138.0253448486328,427.3634338378906
2023-07-12,95.10301971435547,70.45175170898438,120.95159912109375,22.618202209472656,138.74305725097656,430.80206298828125
2023-07-13,94.88036346435547,71.10791015625,121.05937194824219,22.7525691986084,138.83624267578125,434.22125244140625
2023-07-14,95.65475463867188,71.65156555175781,121.3737564086914,22.340513229370117,139.86160278320312,433.9508056640625
2023-07-17,95.23853302001953,70.8454360961914,120.84380340576172,22.295724868774414,138.87355041503906,435.4576110839844
2023-07-18,95.0352554321289,71.08914947509766,120.26895141601562,22.22406578063965,139.134521484375,438.69329833984375
2023-07-19,95.12236022949219,71.63282775878906,121.57137298583984,22.394262313842773,140.0852813720703,439.6688537597656
2023-07-20,94.12537384033203,72.6327133178711,121.14022064208984,21.955331802368164,141.22116088867188,436.7518615722656
2023-07-21,94.98685455322266,72.81192016601562,123.18812561035156,21.507448196411133,143.4441375732422,436.7518615722656
2023-07-24,94.93844604492188,73.0854721069336,123.20608520507812,21.64181137084961,143.9037628173828,438.7030029296875
2023-07-25,94.83199310302734,73.4250717163086,119.38874053955078,22.501752853393555,144.24143981933594,439.900634765625
2023-07-26,94.7739028930664,73.53826141357422,118.46358489990234,22.116573333740234,144.3915252685547,439.96826171875
2023-07-27,92.87667846679688,72.73646545410156,117.05342864990234,21.713472366333008,142.67503356933594,437.05126953125
2023-07-28,94.03824615478516,71.33097839355469,117.14323425292969,21.856796264648438,146.7082977294922,441.33013916015625
2023-07-31,92.60565185546875,71.93467712402344,115.9576187133789,21.211841583251953,146.6051483154297,442.1705017089844
2023-08-01,93.2832260131836,72.29312133789062,115.8677978515625,21.18497085571289,146.55824279785156,440.9051208496094
2023-08-02,93.68008422851562,73.14208221435547,116.28995513916016,21.40891456604004,146.87716674804688,434.77178955078125
2023-08-03,92.06359100341797,72.23652648925781,115.56239318847656,21.489532470703125,147.26170349121094,433.5257873535156
2023-08-04,91.59896087646484,71.93467712402344,114.76299285888672,21.077478408813477,145.6483917236328,431.5650634765625
2023-08-07,92.61532592773438,72.53837585449219,115.49055480957031,21.08643913269043,147.18666076660156,435.33197021484375
2023-08-08,92.44109344482422,72.00072479248047,114.55642700195312,20.943111419677734,147.3461151123047,433.4389343261719
2023-08-09,92.97348022460938,72.15162658691406,114.79891967773438,20.916240692138672,147.15855407714844,430.541259765625
2023-08-10,92.48948669433594,71.95354461669922,114.77198791503906,20.934152603149414,146.42689514160156,430.6957702636719
2023-08-11,92.9153823852539,72.53837585449219,114.93365478515625,21.24767303466797,147.28045654296875,430.4447021484375
2023-08-14,92.37470245361328,71.42530822753906,114.4576187133789,20.548974990844727,146.12673950195312,432.82073974609375
2023-08-15,91.43309020996094,70.40656280517578,113.6222915649414,20.835620880126953,145.1887969970703,427.77880859375
2023-08-16,90.87007904052734,70.19903564453125,113.48756408691406,20.54001808166504,143.70680236816406,424.6397705078125
2023-08-17,89.47221374511719,69.80284881591797,113.92767333984375,20.405651092529297,142.67503356933594,421.404052734375
2023-08-18,90.36528015136719,70.32166290283203,115.18516540527344,20.486268997192383,143.07833862304688,421.6069030761719
2023-08-21,89.7440185546875,69.61421203613281,113.80193328857422,20.513139724731445,142.3561248779297,424.3500061035156
2023-08-22,89.99641418457031,69.34065246582031,114.92469024658203,21.26559066772461,142.4123992919922,423.2005920410156
2023-08-23,89.78285217285156,69.34065246582031,115.60730743408203,21.158096313476562,143.7443389892578,427.9140625
2023-08-24,90.12259674072266,69.16143035888672,115.45460510253906,21.193927764892578,143.07833862304688,421.9835510253906
2023-08-25,90.56914520263672,69.64250183105469,116.05643463134766,20.75125503540039,144.0162811279297,424.9584655761719
2023-08-28,91.67578887939453,69.46327209472656,116.30790710449219,20.75125503540039,144.24143981933594,427.65325927734375
2023-08-29,92.64651489257812,69.30291748046875,116.32588195800781,20.651884078979492,144.32583618164062,433.8349304199219
2023-08-30,93.19983673095703,69.66136169433594,116.2809829711914,20.841598510742188,144.48532104492188,435.6217346191406
2023-08-31,93.93756866455078,69.30291748046875,115.71510314941406,20.823528289794922,144.76669311523438,434.9842834472656
2023-09-01,93.44251251220703,69.1142578125,114.48455810546875,20.74222183227539,144.9261474609375,435.7956237792969
2023-09-05,92.38441467285156,68.65206146240234,114.08935546875,20.4260311126709,142.98455810546875,433.9121398925781
2023-09-06,91.36514282226562,68.2181396484375,113.70313262939453,20.21824836730957,142.70315551757812,430.9952697753906
2023-09-07,93.69489288330078,69.3878173828125,115.26258087158203,18.962512969970703,144.06320190429688,429.67193603515625
2023-09-08,92.8697738647461,69.04824829101562,115.57991027832031,19.242570877075195,143.4441375732422,430.319091796875
2023-09-11,93.5007553100586,69.75569152832031,116.0967025756836,19.938190460205078,145.15127563476562,433.149169921875
2023-09-12,92.5105972290039,68.40679931640625,113.1772689819336,19.02574920654297,142.59999084472656,430.77301025390625
2023-09-13,92.89888763427734,68.69922637939453,113.32232666015625,19.51358985900879,143.59422302246094,431.27532958984375
2023-09-14,92.80182647705078,69.29349517822266,114.1292495727539,19.640064239501953,145.17002868652344,434.9939270019531
2023-09-15,92.43294525146484,69.01994323730469,113.3404769897461,19.170297622680664,143.95066833496094,429.7530212402344
2023-09-18,92.364990234375,69.66136169433594,113.44022369384766,19.0438175201416,144.49468994140625,430.0050048828125
2023-09-19,92.0640640258789,69.06709289550781,112.76021575927734,19.02574920654297,144.0726318359375,429.11328125
2023-09-20,92.326171875,69.57647705078125,113.2679443359375,18.87217140197754,143.95066833496094,425.1683349609375
2023-09-21,92.23878479003906,69.06709289550781,113.57620239257812,18.827003479003906,142.70315551757812,418.1409912109375
2023-09-22,91.91847229003906,68.34076690673828,112.39756774902344,18.565013885498047,142.17788696289062,417.20074462890625
2023-09-25,91.09333801269531,68.12382507324219,111.95330047607422,18.817968368530273,141.31494140625,418.9551696777344
2023-09-26,90.35558319091797,67.91629028320312,111.99861907958984,18.64632225036621,140.05807495117188,412.8001708984375
2023-09-27,89.27808380126953,67.02017974853516,110.30319213867188,18.266889572143555,138.20089721679688,412.9649353027344
2023-09-28,89.2004165649414,67.26542663574219,110.248779296875,18.167516708374023,137.26290893554688,415.3591003417969
2023-09-29,88.94801330566406,67.07678985595703,109.56880950927734,18.140409469604492,136.81268310546875,414.35107421875
2023-10-02,88.96745300292969,66.74662780761719,107.90056610107422,18.357229232788086,136.18426513671875,414.186279296875
2023-10-03,88.30733489990234,66.47307586669922,109.29681396484375,18.059106826782227,136.46566772460938,408.6419372558594
2023-10-04,89.3557357788086,66.55796813964844,109.7229232788086,17.824220657348633,136.9158477783203,411.61767578125
2023-10-05,87.5890121459961,65.34113311767578,107.42910766601562,17.8513240814209,134.88046264648438,411.4625549316406
2023-10-06,83.47309875488281,65.49205017089844,107.71922302246094,18.131376266479492,135.15248107910156,416.3478088378906
2023-10-09,84.10408782958984,65.37885284423828,107.50162506103516,17.950698852539062,134.4677734375,419.01336669921875
2023-10-10,85.56986999511719,65.54865264892578,108.53521728515625,17.7880859375,135.79966735839844,421.1942138671875
2023-10-11,85.08452606201172,64.96382904052734,108.20882415771484,17.67967414855957,134.13006591796875,422.9195556640625
2023-10-12,83.5701675415039,65.74674987792969,108.57148742675781,17.453824996948242,134.4302520751953,420.3412170410156
2023-10-13,85.13304138183594,66.92585754394531,109.16988372802734,17.498994827270508,135.71527099609375,418.24755859375
2023-10-16,86.33676147460938,68.05778503417969,110.33944702148438,17.652572631835938,137.00967407226562,422.64813232421875
2023-10-17,86.5114974975586,67.99176025390625,110.4029312133789,17.86939239501953,137.1878662109375,422.62872314453125
2023-10-18,87.60842895507812,68.92560577392578,111.907958984375,18.122344970703125,140.7240753173828,416.9971923828125
2023-10-19,86.9774398803711,69.0387954711914,111.39116668701172,17.92359733581543,139.93212890625,413.3332824707031
2023-10-20,87.48222351074219,69.5705337524414,111.59968566894531,17.833253860473633,139.74334716796875,408.2541809082031
2023-10-23,88.38500213623047,68.3266830444336,110.43917846679688,17.779050827026367,139.8376922607422,407.546630859375
2023-10-24,88.89949798583984,69.1622314453125,109.25148010253906,18.050071716308594,141.48956298828125,410.6192932128906
2023-10-25,89.54015350341797,69.70346069335938,107.69202423095703,17.824220657348633,142.1502685546875,404.7259826660156
2023-10-26,89.52074432373047,69.39012145996094,108.9522705078125,16.884681701660156,141.39515686035156,399.8795471191406
2023-10-27,87.4725112915039,68.16525268554688,105.95126342773438,16.45104217529297,138.9032745361328,398.0670166015625
2023-10-30,88.10347747802734,70.14973449707031,108.36294555664062,16.839508056640625,140.88543701171875,402.8262634277344
2023-10-31,88.27822875976562,71.3271255493164,108.47175598144531,16.80337142944336,141.6122283935547,405.3560791015625
2023-11-01,87.62784576416016,71.14671325683594,108.317626953125,17.05632209777832,141.21580505371094,409.6790771484375
2023-11-02,89.26836395263672,71.02327728271484,109.75013732910156,17.372516632080078,142.943115234375,417.5302734375
2023-11-03,84.25941467285156,71.04227447509766,108.2450942993164,17.498994827270508,141.65000915527344,421.3396301269531
2023-11-06,84.33704376220703,71.4125747680664,109.51439666748047,17.480928421020508,142.47116088867188,422.30889892578125
2023-11-07,86.11348724365234,71.43157196044922,109.16988372802734,17.891704559326172,142.14083862304688,423.51080322265625
2023-11-08,86.02613830566406,71.44105529785156,109.39653778076172,17.490055084228516,141.59336853027344,423.8209228515625
2023-11-09,87.02597045898438,71.34610748291016,108.90693664550781,17.544824600219727,141.91429138183594,420.5156555175781
2023-11-10,87.09393310546875,71.62146759033203,109.55973052978516,17.480928421020508,142.91481018066406,427.0777587890625
2023-11-13,88.26850891113281,72.11519622802734,109.90426635742188,17.435283660888672,143.90589904785156,426.670654296875
2023-11-14,89.36192321777344,72.78936004638672,109.83172607421875,17.718265533447266,143.5849609375,434.94842529296875
2023-11-15,89.2353515625,71.6594467163086,110.20346069335938,17.891704559326172,142.92425537109375,435.8691711425781
2023-11-16,90.43294525146484,72.14370727539062,110.3485107421875,17.900835037231445,144.255126953125,436.4023742675781
2023-11-17,89.96558380126953,71.76390075683594,109.88612365722656,17.964733123779297,142.59388732910156,436.9451904296875
2023-11-20,89.04061889648438,71.6594467163086,109.28772735595703,18.028629302978516,141.83876037597656,440.30859375
2023-11-21,90.37452697753906,72.70391845703125,110.20346069335938,18.16555404663086,141.21580505371094,439.34893798828125
2023-11-22,91.62080383300781,73.3780517578125,110.90157318115234,18.29335594177246,142.54669189453125,441.0451965332031
2023-11-24,92.33157348632812,73.40653991699219,111.00130462646484,18.48505210876465,142.88648986816406,441.3166198730469
2023-11-27,92.7405014038086,73.21664428710938,110.97411346435547,18.402894973754883,142.7543487548828,440.5217590332031
2023-11-28,92.59445190429688,73.9382553100586,110.60238647460938,18.402894973754883,143.7454071044922,440.9580078125
2023-11-29,92.16605377197266,73.94776153564453,110.4029312133789,18.32986831665039,142.65052795410156,440.64776611328125
2023-11-30,94.08413696289062,74.79283142089844,112.17996215820312,18.658491134643555,144.90643310546875,442.3828125
2023-12-01,92.85734558105469,74.72635650634766,112.46101379394531,18.886701583862305,144.09469604492188,444.9998779296875
2023-12-04,92.59445190429688,74.99221801757812,112.5788803100586,18.822803497314453,143.5283660888672,442.6639099121094
2023-12-05,91.0268783569336,73.75787353515625,110.11279296875,18.412025451660156,138.52572631835938,442.5766906738281
2023-12-06,91.06580352783203,73.55847930908203,111.01945495605469,17.700008392333984,138.42189025878906,440.793212890625
2023-12-07,91.66947937011719,73.70089721679688,111.2208480834961,18.996246337890625,138.28030395507812,444.1566162109375
2023-12-08,90.49136352539062,73.27361297607422,109.80187225341797,18.813676834106445,137.0060272216797,446.0661315917969
2023-12-11,90.90029907226562,73.71987915039062,110.74479675292969,18.7954158782959,137.6384735107422,447.8011474609375
2023-12-12,91.97130584716797,74.62191772460938,111.47718048095703,18.94147491455078,137.751708984375,449.8463439941406
2023-12-13,92.46788787841797,75.38153076171875,113.17080688476562,19.206199645996094,140.24359130859375,456.0498352050781
2023-12-14,88.95299530029297,72.41905212402344,110.62577819824219,19.224454879760742,136.54354858398438,457.51336669921875
2023-12-15,89.08929443359375,73.09320068359375,109.34413146972656,19.16055679321289,135.8828125,456.7601013183594
2023-12-18,90.48162841796875,74.11866760253906,110.39691162109375,19.178815841674805,137.9687957763672,459.32940673828125
2023-12-19,90.27715301513672,74.18513488769531,110.56170654296875,19.598718643188477,137.9687957763672,462.12255859375
2023-12-20,89.01140594482422,73.44451904296875,108.75822448730469,19.124040603637695,135.8356170654297,455.7187805175781
2023-12-21,89.37167358398438,73.97625732421875,109.33496856689453,19.370508193969727,136.1659698486328,460.03985595703125
2023-12-22,89.478759765625,74.53646850585938,110.04904174804688,19.498306274414062,137.12875366210938,460.9644470214844
2023-12-26,89.84873962402344,75.0491943359375,109.9391860961914,19.434406280517578,137.751708984375,462.9108581542969
2023-12-27,90.53031158447266,75.10616302490234,110.14058685302734,19.67174530029297,137.864990234375,463.74786376953125
2023-12-28,91.51368713378906,75.23909759521484,110.60747528076172,19.598718643188477,137.55349731445312,463.9230041503906
2023-12-29,92.06867218017578,75.68535614013672,111.23915100097656,19.65349006652832,138.3180389404297,462.5799865722656
2024-01-02,92.07841491699219,76.64436340332031,112.01730346679688,19.690004348754883,140.3946075439453,459.9912414550781
2024-01-03,91.47474670410156,75.85627746582031,111.44971466064453,19.416152954101562,139.5450897216797,456.2345886230469
2024-01-04,92.02973175048828,76.28356170654297,112.17293548583984,19.078397750854492,140.30967712402344,454.7650451660156
2024-01-05,91.39685821533203,75.94174194335938,111.91661071777344,19.48917579650879,139.14866638183594,455.3879089355469
2024-01-08,91.88369750976562,76.34052276611328,112.79546356201172,19.74477195739746,140.34744262695312,461.8890075683594
2024-01-09,93.45127868652344,76.73932647705078,113.18911743164062,19.945598602294922,140.92318725585938,461.188232421875
2024-01-10,93.93809509277344,76.48295593261719,112.85038757324219,19.87257194519043,141.52728271484375,463.7965087890625
2024-01-11,94.97016143798828,76.49244689941406,113.35389709472656,20.018625259399414,142.0653076171875,463.5921630859375
2024-01-12,95.0772705078125,76.82478332519531,113.67430877685547,19.635234832763672,142.1502685546875,463.9132995605469
2024-01-16,95.57384490966797,76.3690185546875,112.66729736328125,19.379634857177734,141.38568115234375,462.2101135253906
2024-01-17,96.09960174560547,76.87226104736328,112.89615631103516,19.151426315307617,141.52728271484375,459.640869140625
2024-01-18,95.25252532958984,76.74880981445312,112.63982391357422,19.114912033081055,140.7113800048828,463.7283630371094
2024-01-19,94.37623596191406,76.7774658203125,112.39265441894531,18.904958724975586,140.16995239257812,469.5093078613281
2024-01-22,95.04806518554688,76.81568145751953,111.9990005493164,18.658491134643555,140.44540405273438,470.5019836425781
2024-01-23,96.88827514648438,77.76132202148438,114.38837432861328,19.087526321411133,146.25851440429688,471.8741760253906
2024-01-24,94.54176330566406,76.49091339111328,108.0624771118164,18.649362564086914,144.4917755126953,472.3900146484375
2024-01-25,95.48619842529297,77.579833984375,110.30538177490234,18.94147491455078,147.81626892089844,474.95928955078125
2024-01-26,96.508544921875,79.11766052246094,110.92788696289062,19.02362823486328,148.31019592285156,474.3559265136719
2024-01-29,96.97588348388672,80.197021484375,111.01944732666016,19.206199645996094,148.32919311523438,478.1125183105469
2024-01-30,97.85218048095703,80.45492553710938,111.4131088256836,19.051015853881836,149.59249877929688,477.7427978515625
2024-01-31,97.21929168701172,80.42626190185547,110.74479675292969,18.950603485107422,149.2600555419922,469.94720458984375
2024-02-01,99.09844970703125,82.26021575927734,112.99686431884766,19.06926918029785,151.19773864746094,476.0979919433594
2024-02-02,96.75196075439453,80.82743835449219,111.92576599121094,19.01449966430664,150.16238403320312,481.11004638671875
2024-02-05,97.54061889648438,80.32120513916016,110.75395965576172,18.695005416870117,150.27639770507812,479.3582458496094
2024-02-06,97.5211410522461,79.98687744140625,111.07437896728516,18.804546356201172,150.98878479003906,480.75
2024-02-07,98.09559631347656,80.10150146484375,110.83634185791016,18.73151969909668,151.14076232910156,484.7596130371094
2024-02-08,97.30693054199219,80.48358917236328,110.10396575927734,17.645235061645508,150.684814453125,484.9737243652344
2024-02-09,96.22618103027344,79.71942901611328,109.68285369873047,17.645235061645508,149.52598571777344,487.7765808105469
2024-02-12,95.98277282714844,79.81494140625,109.9208755493164,17.882577896118164,149.23153686523438,487.5624694824219
2024-02-13,95.30120849609375,79.7289810180664,108.52935791015625,17.75345802307129,148.43370056152344,480.84722900390625
2024-02-14,94.71922302246094,79.9582290649414,108.39203643798828,17.605899810791016,147.82577514648438,485.2170104980469
2024-02-15,95.10004425048828,79.82450866699219,108.74906921386719,17.56900405883789,149.13656616210938,488.5648498535156
2024-02-16,95.48088073730469,79.73853302001953,108.29132843017578,17.56900405883789,149.61148071289062,486.1318359375
2024-02-20,95.74453735351562,80.81790161132812,109.0786361694336,17.578229904174805,150.5613555908203,483.4555358886719
2024-02-21,96.29136657714844,81.48651123046875,110.26875305175781,17.799571990966797,152.3565673828125,483.8934631347656
2024-02-22,97.2971420288086,82.14559173583984,110.81806182861328,17.6981258392334,152.50852966308594,493.9078674316406
2024-02-23,98.03927612304688,82.38439178466797,111.35816955566406,17.688901901245117,152.9550018310547,494.24847412109375
2024-02-26,98.05879974365234,82.28886413574219,110.98281860351562,17.467557907104492,152.1855926513672,492.43829345703125
2024-02-27,97.54126739501953,82.53722381591797,110.94621276855469,17.449113845825195,151.31175231933594,493.35308837890625
2024-02-28,97.76586151123047,82.91929626464844,110.98281860351562,17.652009963989258,152.0241241455078,492.7010803222656
2024-02-29,97.76586151123047,82.64228057861328,110.92788696289062,17.522897720336914,150.96978759765625,494.4722900390625
2024-03-01,97.9220962524414,82.6136245727539,112.51165771484375,17.356887817382812,150.88429260253906,499.1144714355469
2024-03-04,98.56658935546875,82.93840026855469,113.05179595947266,17.48600196838379,151.5586700439453,498.5792541503906
2024-03-05,99.51377868652344,82.84288024902344,113.17080688476562,17.53211784362793,151.3307342529297,493.59637451171875
2024-03-06,100.03131103515625,83.272705078125,114.26021575927734,18.057802200317383,151.5682373046875,496.09759521484375
2024-03-07,101.67181396484375,84.1896743774414,116.39582824707031,18.26070213317871,152.5655517578125,501.0220642089844
2024-03-08,101.67181396484375,84.12281799316406,116.16471099853516,18.463598251342773,152.30909729003906,498.01483154296875
2024-03-11,101.40815734863281,84.18013000488281,117.20940399169922,18.5834903717041,153.44891357421875,497.58660888671875
2024-03-12,102.04287719726562,84.78189849853516,117.14469146728516,18.574268341064453,153.80984497070312,502.9393005371094
2024-03-13,102.94123840332031,85.20216369628906,118.2448501586914,18.823280334472656,154.1613006591797,502.1509704589844
2024-03-14,101.92569732666016,84.39026641845703,115.38812255859375,18.509706497192383,153.40139770507812,501.1583251953125
2024-03-15,101.88664245605469,84.48578643798828,115.07379150390625,18.758718490600586,153.2874298095703,497.717041015625
2024-03-18,101.80850982666016,84.31385040283203,114.85191345214844,18.629600524902344,153.12594604492188,500.6750183105469
2024-03-19,102.3944091796875,84.79144287109375,115.6100082397461,18.629600524902344,153.71484375,503.45745849609375
2024-03-20,100.5879135131836,84.39026641845703,115.0275650024414,18.823280334472656,153.86683654785156,508.1140441894531
2024-03-21,101.43745422363281,84.79144287109375,115.38812255859375,19.09995460510254,153.7433624267578,509.7931213378906
2024-03-22,102.14051818847656,85.20216369628906,115.49906921386719,18.998506546020508,153.55340576171875,508.8267517089844
2024-03-25,100.56837463378906,84.66728210449219,115.73019409179688,19.044620513916016,152.1571044921875,507.4209289550781
2024-03-26,100.42191314697266,84.9156265258789,116.57148742675781,19.302854537963867,152.4990692138672,506.48370361328125
2024-03-27,101.75968933105469,85.91856384277344,117.66240692138672,19.782426834106445,154.45574951171875,510.7400817871094
2024-03-28,101.85734558105469,86.01406860351562,119.58539581298828,19.791648864746094,154.11380004882812,510.6424560546875
2024-04-01,102.5506362915039,85.06843566894531,119.07691955566406,19.57952880859375,152.52755737304688,509.7541198730469
2024-04-02,102.17957305908203,85.06843566894531,118.05070495605469,19.201406478881836,152.51806640625,506.51300048828125
2024-04-03,100.73439025878906,84.15145874023438,116.54376983642578,18.758718490600586,148.31967163085938,507.0694274902344
2024-04-04,99.69931030273438,83.48284912109375,116.95055389404297,18.6019344329834,147.65478515625,500.88006591796875
2024-04-05,99.6016616821289,83.94133758544922,116.77487182617188,18.675716400146484,148.27218627929688,506.11279296875
2024-04-08,99.10365295410156,83.78849792480469,116.5345230102539,18.500486373901367,148.21517944335938,506.3959045410156
2024-04-09,99.4942398071289,83.72163391113281,118.28185272216797,18.767940521240234,148.80410766601562,506.9815673828125
2024-04-10,100.16801452636719,82.68049621582031,117.56072235107422,18.666494369506836,149.35504150390625,501.9051513671875
2024-04-11,99.1915283203125,82.14559173583984,116.562255859375,17.937910079956055,148.02523803710938,505.69293212890625
2024-04-12,98.70329284667969,82.00231170654297,114.53755950927734,17.64278793334961,147.54083251953125,498.71282958984375
2024-04-15,99.1915283203125,82.30796813964844,115.9335708618164,17.64278793334961,147.65478515625,492.4648742675781
2024-04-16,100.82225799560547,82.30796813964844,115.82263946533203,17.624343872070312,148.12973022460938,491.5667419433594
2024-04-17,101.05662536621094,82.86199188232422,116.45130157470703,17.77190399169922,149.08909606933594,488.65753173828125
2024-04-18,100.7734375,82.82377624511719,116.12773132324219,18.057802200317383,150.36721801757812,487.65203857421875
2024-04-19,101.89639282226562,83.70763397216797,117.25562286376953,18.057802200317383,151.17984008789062,483.3956298828125
2024-04-22,103.45877838134766,84.86050415039062,119.19710540771484,18.057802200317383,153.47418212890625,487.8473205566406
2024-04-23,104.20091247558594,85.1006851196289,125.7703628540039,17.86412811279297,154.3919219970703,493.63641357421875
2024-04-24,104.82585906982422,85.37928771972656,127.37901306152344,17.64278793334961,155.44354248046875,493.4021301269531
2024-04-25,104.72822570800781,85.78279113769531,126.13092803955078,17.541339874267578,155.39573669433594,491.5277099609375
2024-04-26,103.82007598876953,87.43523406982422,125.03077697753906,17.39377784729004,154.191162109375,496.1843566894531
2024-04-29,104.39620971679688,86.93565368652344,125.6686782836914,17.578229904174805,154.54490661621094,497.9416198730469
2024-04-30,105.35316467285156,88.30947875976562,126.22335052490234,17.356887817382812,156.01712036132812,490.0535888671875
2024-05-01,103.76148223876953,88.29027557373047,126.16790008544922,17.38455581665039,156.20831298828125,488.4623107910156
2024-05-02,103.39042663574219,89.26060485839844,126.1956558227539,17.63356590270996,156.6289520263672,493.0311279296875
2024-05-03,103.61502075195312,89.23177337646484,125.81658935546875,17.707345962524414,157.2216796875,499.1424255371094
2024-05-06,102.93146514892578,89.5199966430664,125.70565795898438,17.596677780151367,157.20252990722656,504.2969055175781
2024-05-07,104.41574096679688,90.3846435546875,125.71488189697266,18.71510887145996,158.4644317626953,504.8533630371094
2024-05-08,104.2692642211914,89.79859924316406,125.6686782836914,19.059959411621094,157.8048095703125,504.9021911621094
2024-05-09,104.53290557861328,90.3846435546875,126.34357452392578,19.143842697143555,158.73211669921875,507.81146240234375
2024-05-10,104.78680419921875,91.36457824707031,126.35279846191406,19.143842697143555,159.5064697265625,508.465576171875
2024-05-13,104.63056182861328,90.74971771240234,126.0014877319336,18.976076126098633,158.569580078125,508.5337829589844
2024-05-14,104.59532165527344,90.85540771484375,124.9013671875,19.227724075317383,158.4644317626953,510.8670959472656
2024-05-15,104.9380111694336,90.81697082519531,123.9860610961914,19.143842697143555,159.18142700195312,517.1930541992188
2024-05-16,104.44844818115234,90.81697082519531,124.50379180908203,19.19976234436035,160.47203063964844,516.1290893554688
2024-05-17,104.16452026367188,90.43267059326172,124.1524658203125,19.078598022460938,160.26170349121094,516.8710327148438
2024-05-20,104.2820053100586,90.6824722290039,123.53305053710938,18.54734230041504,159.9462127685547,517.4664916992188
2024-05-21,104.82051849365234,91.43183135986328,123.64401245117188,18.61258316040039,160.94044494628906,518.735595703125
2024-05-22,105.06527709960938,91.0379409790039,123.76419067382812,18.528703689575195,160.4241943359375,517.2420043945312
2024-05-23,104.19388580322266,90.04840087890625,121.88741302490234,18.11861228942871,158.2063446044922,513.4639282226562
2024-05-24,104.24285125732422,89.63528442382812,121.9798812866211,18.034725189208984,158.05337524414062,516.861083984375
2024-05-28,101.98117065429688,88.32870483398438,119.4004898071289,17.941524505615234,155.9310760498047,517.2224731445312
2024-05-29,101.14895629882812,87.7042465209961,118.4852294921875,17.587356567382812,154.53533935546875,513.6004638671875
2024-05-30,102.1769790649414,87.3583755493164,119.88124084472656,17.699199676513672,155.42442321777344,510.19342041015625
2024-05-31,104.77156066894531,89.30863952636719,123.23722076416016,17.988126754760742,157.2981414794922,514.8403930664062
2024-06-03,105.04570007324219,88.837890625,124.70719146728516,17.932207107543945,157.40330505371094,515.2601318359375
2024-06-04,105.84854888916016,90.12525939941406,127.0184555053711,17.848323822021484,159.659423828125,515.8361206054688
2024-06-05,105.45691680908203,89.98114013671875,126.50997924804688,17.699199676513672,158.74169921875,521.9668579101562
2024-06-06,105.6527328491211,90.28858947753906,126.65789031982422,17.36366844177246,161.05516052246094,521.9571533203125
2024-06-07,105.1338119506836,90.20211029052734,125.44522094726562,17.139984130859375,159.70724487304688,521.3225708007812
2024-06-10,105.4666976928711,90.21171569824219,126.36872863769531,17.046781539916992,159.98448181152344,522.933349609375
2024-06-11,105.67230987548828,90.26937103271484,126.5366439819336,17.214540481567383,160.1087188720703,524.1927490234375
2024-06-12,104.16452026367188,89.56803894042969,126.1075439453125,16.739208221435547,157.9099578857422,528.4979858398438
2024-06-13,104.25263977050781,91.0379409790039,130.0626678466797,16.80445098876953,159.08584594726562,529.5620727539062
2024-06-14,105.44712829589844,90.90343475341797,130.11865234375,16.841733932495117,159.4490966796875,529.88427734375
2024-06-17,107.01364135742188,92.18119049072266,131.01414489746094,17.512794494628906,160.12786865234375,534.1014404296875
2024-06-18,107.61088562011719,93.1995620727539,132.15220642089844,17.26114273071289,161.14120483398438,535.4585571289062
2024-06-20,106.6318130493164,93.14192199707031,130.70631408691406,17.55939483642578,160.29037475585938,534.00390625
2024-06-21,106.65138244628906,93.4493408203125,130.1000213623047,17.27046775817871,160.85440063476562,533.2880859375
2024-06-24,105.23172760009766,95.1017837524414,130.3145294189453,17.615314483642578,161.0360565185547,531.5545043945312
2024-06-25,102.65673065185547,94.82318115234375,129.12054443359375,17.382307052612305,159.5064697265625,533.6014404296875
2024-06-26,102.29447174072266,94.37164306640625,129.8201446533203,17.326387405395508,160.080078125,534.2673950195312
2024-06-27,101.83430480957031,94.31399536132812,129.98805236816406,17.167940139770508,159.28659057617188,535.1096801757812
2024-06-28,101.51119995117188,93.22837829589844,128.91534423828125,16.944255828857422,157.66140747070312,533.0039672851562
2024-07-01,102.67632293701172,91.78730010986328,128.56085205078125,16.729890823364258,155.55824279785156,534.1008911132812
2024-07-02,103.23439025878906,92.34452819824219,128.7194366455078,17.00017738342285,156.68630981445312,537.6952514648438
2024-07-03,103.322509765625,92.12354278564453,128.28102111816406,17.065420150756836,156.619384765625,540.0947875976562
2024-07-05,104.36033630371094,93.23799896240234,128.99925231933594,17.065420150756836,157.93865966796875,543.2092895507812
2024-07-08,103.37146759033203,93.7471694946289,129.92274475097656,17.009496688842773,159.1909942626953,543.8360595703125
2024-07-09,102.42176055908203,93.22837829589844,130.0626678466797,16.981534957885742,158.3688507080078,544.3649291992188
2024-07-10,102.65673065185547,93.56463623046875,131.33131408691406,16.496883392333984,159.4586639404297,549.7515869140625
2024-07-11,101.5699462890625,93.92009735107422,131.5458526611328,16.701932907104492,158.25413513183594,545.0112915039062
2024-07-12,101.990966796875,94.21792602539062,132.0216064453125,17.093381881713867,159.27703857421875,548.4490356445312
2024-07-15,99.06351470947266,93.43014526367188,131.53651428222656,16.879016876220703,157.3363800048828,549.9572143554688
2024-07-16,100.189453125,93.5742416381836,132.8891143798828,17.009496688842773,159.60208129882812,553.2186279296875
2024-07-17,101.55036163330078,95.486083984375,133.90589904785156,17.18658447265625,161.9824676513672,545.4617919921875
2024-07-18,100.03279876708984,94.64063262939453,134.38162231445312,17.074739456176758,161.02647399902344,541.2699584960938
2024-07-19,100.46359252929688,94.70823669433594,133.98052978515625,17.009496688842773,161.5333251953125,537.6756591796875
2024-07-22,98.5348129272461,94.58269500732422,134.45626831054688,16.99085807800293,161.812255859375,543.2191162109375
2024-07-23,98.1137924194336,93.2308349609375,126.75117492675781,16.711252212524414,160.2445831298828,542.3670043945312
2024-07-24,98.25086975097656,93.27910614013672,131.0701141357422,16.934934616088867,161.57179260253906,530.07568359375
2024-07-25,97.7613296508789,93.17288970947266,131.59249877929688,17.009496688842773,160.51388549804688,527.3137817382812
2024-07-26,99.25933074951172,95.97320556640625,132.28280639648438,17.419591903686523,162.6393280029297,533.2194213867188
2024-07-29,99.46492004394531,97.41197204589844,131.38729858398438,17.522113800048828,163.4279327392578,533.5328979492188
2024-07-30,97.35011291503906,97.03538513183594,127.21759796142578,17.475509643554688,155.51284790039062,530.829833984375
2024-07-31,95.95982360839844,95.78008270263672,125.97696685791016,17.233184814453125,154.6088104248047,539.4581909179688
2024-08-01,97.91798400878906,97.46025848388672,129.176513671875,17.36366844177246,159.35020446777344,531.8189086914062
2024-08-02,96.46894073486328,99.27561950683594,130.6876678466797,17.54075050354004,163.5722198486328,521.9172973632812
2024-08-05,97.82986450195312,97.49889373779297,128.40228271484375,16.95357894897461,161.62950134277344,506.7171630859375
2024-08-06,99.2005844116211,99.13079833984375,129.73619079589844,19.44209098815918,161.65834045410156,511.3887939453125
2024-08-07,99.46492004394531,98.90869140625,130.61306762695312,19.218402862548828,163.51449584960938,507.9707336425781
2024-08-08,100.07196044921875,99.17906188964844,131.7604217529297,19.805580139160156,164.3319854736328,519.7136840820312
2024-08-09,100.11111450195312,98.56106567382812,130.8928985595703,19.591215133666992,164.01461791992188,522.0054321289062
2024-08-12,98.70124053955078,97.79822540283203,129.00860595703125,19.656457901000977,160.42733764648438,522.27978515625
2024-08-13,98.08442687988281,97.13194274902344,129.1392059326172,19.889461517333984,160.88894653320312,530.8689575195312
2024-08-14,98.3781509399414,98.66728973388672,131.35931396484375,19.931812286376953,162.3411865234375,532.543701171875
2024-08-15,98.17589569091797,97.9527359008789,132.2548065185547,20.298826217651367,161.494873046875,541.671630859375
2024-08-16,98.19552612304688,98.48381805419922,132.8891143798828,20.392932891845703,161.46600341796875,542.8860473632812
2024-08-19,98.34281158447266,98.34862518310547,133.8219451904297,20.364700317382812,161.97572326660156,548.0768432617188
2024-08-20,99.78614044189453,99.51703643798828,134.54954528808594,20.28000259399414,163.88958740234375,547.1856079101562
2024-08-21,100.52252197265625,99.91293334960938,134.86668395996094,20.411754608154297,163.64915466308594,549.06591796875
2024-08-22,100.7778091430664,100.37643432617188,134.8853302001953,20.289417266845703,163.6395263671875,544.7567138671875
2024-08-23,100.30652618408203,100.62749481201172,133.9618682861328,20.534093856811523,162.697021484375,550.5447998046875
2024-08-26,99.96285247802734,101.47724151611328,134.45626831054688,20.665843963623047,163.83189392089844,549.2324829101562
2024-08-27,99.3148422241211,102.27871704101562,133.8965606689453,20.62820053100586,162.7739715576172,549.9866333007812
2024-08-28,99.72721862792969,102.1531982421875,134.195068359375,20.439987182617188,162.5912322998047,546.7937622070312
2024-08-29,98.94173431396484,102.17249298095703,133.59805297851562,20.468219757080078,163.52410888671875,546.8427124023438
2024-08-30,100.03160095214844,102.83878326416016,134.94131469726562,20.656435012817383,164.976318359375,552.06298828125
2024-09-03,103.3797378540039,104.07476043701172,137.45059204101562,20.79759407043457,167.8423309326172,540.7020263671875
2024-09-04,104.29286193847656,105.03073120117188,138.38340759277344,21.183429718017578,169.16952514648438,539.5953369140625
2024-09-05,103.57608795166016,104.79898071289062,138.10357666015625,21.183429718017578,168.7559814453125,538.2828369140625
2024-09-06,103.27172088623047,104.15203094482422,138.17880249023438,21.51280403137207,168.87136840820312,529.2235717773438
2024-09-09,103.6841049194336,103.42779541015625,138.43276977539062,21.8327693939209,169.32339477539062,535.1488037109375
2024-09-10,104.01793670654297,103.16708374023438,137.5580291748047,21.691606521606445,170.98719787597656,537.4797973632812
2024-09-11,101.38654327392578,102.48149108886719,134.68930053710938,21.729249954223633,167.26527404785156,542.9937744140625
2024-09-12,101.67130279541016,102.68427276611328,133.91806030273438,21.71984100341797,166.83251953125,547.5676879882812
2024-09-13,102.15240478515625,102.09524536132812,134.9902801513672,22.01156997680664,167.41915893554688,550.4273681640625
2024-09-16,103.31099700927734,101.80555725097656,135.62986755371094,22.002159118652344,170.45822143554688,551.2402954101562
2024-09-17,101.9364013671875,100.96546173095703,133.2408447265625,22.01156997680664,169.15028381347656,551.4654541015625
2024-09-18,100.74835205078125,99.6329116821289,132.75173950195312,21.82335662841797,167.26527404785156,549.8300170898438
2024-09-19,99.73704528808594,98.50313568115234,131.77354431152344,21.550445556640625,164.976318359375,559.2124633789062
2024-09-20,101.52401733398438,99.51703643798828,132.38491821289062,21.663375854492188,167.55380249023438,558.245849609375
2024-09-23,101.64183807373047,99.75843811035156,132.8175811767578,21.663375854492188,167.12100219726562,559.6407470703125
2024-09-24,101.26873016357422,100.22193908691406,132.66708374023438,21.748069763183594,166.61129760742188,561.2421264648438
2024-09-25,101.0723648071289,100.18331146240234,132.8081512451172,21.644554138183594,165.66879272460938,560.0043334960938
2024-09-26,101.04291534423828,99.51703643798828,133.7299346923828,21.76689338684082,166.58245849609375,562.2245483398438
2024-09-27,102.49605560302734,100.0964126586914,134.0685272216797,21.889230728149414,166.909423828125,561.4091186523438
2024-09-30,102.820068359375,100.24124908447266,133.82398986816406,21.76689338684082,166.5728302001953,563.6588745117188
2024-10-01,102.58443450927734,98.81214141845703,133.94627380371094,21.43752098083496,166.4189453125,558.6093139648438
2024-10-02,101.38654327392578,98.55140686035156,133.33486938476562,21.296358108520508,165.341796875,558.8450927734375
2024-10-03,99.50138854980469,96.53327178955078,131.7171173095703,20.95757484436035,163.6106719970703,557.8234252929688
2024-10-04,99.20683288574219,95.6352310180664,132.51658630371094,20.85405921936035,162.4181365966797,562.892578125
2024-10-07,97.2922134399414,95.18138885498047,132.4131317138672,20.694072723388672,160.72544860839844,557.8037109375
2024-10-08,98.26425170898438,97.1222915649414,133.57003784179688,20.562326431274414,161.72567749023438,563.0792236328125
2024-10-09,98.80428314208984,97.5278549194336,133.7299346923828,20.261186599731445,162.793212890625,566.9793701171875
2024-10-10,98.4017105102539,95.82835388183594,132.67648315429688,20.06355857849121,162.48544311523438,565.9871215820312
2024-10-11,99.7665023803711,96.6587905883789,133.7957763671875,20.195308685302734,164.54356384277344,569.3763427734375
2024-10-14,101.28836822509766,97.26714324951172,135.0091094970703,20.32706069946289,165.9092254638672,574.0328979492188
2024-10-15,102.456787109375,98.05894470214844,136.59864807128906,20.477630615234375,166.92868041992188,569.5728149414062
2024-10-16,102.76116943359375,97.71131896972656,137.26644897460938,20.44939613342285,165.78421020507812,572.0484619140625
2024-10-17,103.04589080810547,97.07400512695312,137.40753173828125,20.18589973449707,165.68801879882812,572.0975341796875
2024-10-18,102.44696044921875,97.49130249023438,136.76795959472656,20.439987182617188,165.69480895996094,574.2981567382812
2024-10-21,102.02477264404297,96.42381286621094,135.6392822265625,21.56926918029785,164.01153564453125,573.35498046875
2024-10-22,100.826904296875,96.72463989257812,129.56320190429688,21.57868003845215,164.16632080078125,573.0504760742188
2024-10-23,100.69925689697266,96.05503845214844,128.75433349609375,21.418697357177734,164.05023193359375,567.8143310546875
2024-10-24,100.75817108154297,96.79257202148438,128.86720275878906,21.61631965637207,164.0889129638672,569.0423583984375
2024-10-25,99.01046752929688,92.78462219238281,127.46573638916016,21.305767059326172,162.7345733642578,568.8458251953125
2024-10-28,99.2166519165039,92.9107894897461,127.5597915649414,21.53162384033203,163.7793731689453,570.6043701171875
2024-10-29,98.80428314208984,91.92092895507812,126.51577758789062,21.43752098083496,161.7188262939453,571.5278930664062
2024-10-30,98.69627380371094,91.8626937866211,126.4217300415039,21.541034698486328,160.7417755126953,569.798828125
2024-10-31,98.09734344482422,90.94076538085938,126.20535278320312,21.57868003845215,159.79371643066406,558.6289672851562
2024-11-01,102.84951782226562,90.57200622558594,126.60983276367188,21.390464782714844,159.71633911132812,560.9866943359375
2024-11-04,101.09201049804688,90.84371948242188,125.7915267944336,21.68219566345215,159.6969757080078,559.7783203125
2024-11-05,102.2505874633789,91.47453308105469,126.81676483154297,21.860998153686523,160.35479736328125,566.547119140625
2024-11-06,101.33745574951172,87.55390930175781,123.81634521484375,21.174020767211914,155.79840087890625,580.6346435546875
2024-11-07,102.02477264404297,88.087646484375,124.39009094238281,21.61631965637207,158.08143615722656,585.1240844726562
2024-11-08,104.51866912841797,89.83446502685547,125.66925048828125,22.284481048583984,162.2412109375,587.6587524414062
2024-11-11,105.75582122802734,89.24248504638672,125.34004974365234,22.37858772277832,160.6160125732422,588.2186889648438
2024-11-12,106.03073120117188,88.79608154296875,124.28662872314453,22.25624656677246,160.4321746826172,586.3914184570312
2024-11-13,105.3139877319336,88.3787841796875,124.33367156982422,21.966711044311523,161.1480712890625,586.6763305664062
2024-11-14,105.9227294921875,88.74755859375,123.85395812988281,22.412879943847656,161.63174438476562,582.9039306640625
2024-11-15,107.32459259033203,90.79520416259766,126.111328125,22.612232208251953,164.01153564453125,575.4376831054688
2024-11-18,108.57484436035156,91.82389068603516,127.92662048339844,22.517305374145508,165.1820831298828,577.7954711914062
2024-11-19,109.1950454711914,90.84371948242188,127.5503921508789,22.48882484436035,165.19175720214844,579.9075317382812
2024-11-20,109.55928802490234,91.13487243652344,128.2652130126953,22.574264526367188,165.3175048828125,580.1041259765625
2024-11-21,110.5043716430664,91.46481323242188,128.88600158691406,22.868541717529297,167.1168670654297,583.2183227539062
2024-11-22,110.1598129272461,92.11500549316406,130.19338989257812,22.859050750732422,170.53175354003906,585.02587890625
2024-11-25,108.69298553466797,92.5226058959961,130.87059020996094,23.010936737060547,171.60557556152344,587.0103759765625
2024-11-26,108.6634292602539,93.72595977783203,131.425537109375,22.897022247314453,173.46295166015625,590.075439453125
2024-11-27,108.64376068115234,93.90065002441406,130.92703247070312,22.90651512145996,173.51132202148438,588.287353515625
2024-11-29,108.41732788085938,93.77448272705078,131.06813049316406,22.859050750732422,173.4145965576172,591.94189453125
2024-12-02,109.51006317138672,94.24030303955078,131.26565551757812,23.029922485351562,173.8402557373047,593.0029296875
2024-12-03,108.24998474121094,91.81417846679688,128.67909240722656,22.289472579956055,169.6997833251953,593.278076171875
2024-12-04,108.18106079101562,92.00827026367188,128.6602783203125,21.98569679260254,169.39990234375,596.9619140625
2024-12-05,107.46243286132812,92.2896957397461,129.93942260742188,21.95722007751465,170.2899169921875,595.9796142578125
2024-12-06,105.54273986816406,91.44539642333984,127.85174560546875,21.681922912597656,168.15199279785156,597.1093139648438
2024-12-09,104.24327087402344,90.19353485107422,126.16261291503906,21.653440475463867,165.2207794189453,594.0344848632812
2024-12-10,105.39506530761719,91.1154556274414,126.27650451660156,21.586992263793945,166.66220092773438,592.1875
2024-12-11,103.93809509277344,90.01884460449219,123.94207763671875,21.093358993530273,165.0659942626953,596.7655639648438
2024-12-12,103.77074432373047,90.79520416259766,124.2077865600586,21.188291549682617,165.27882385253906,593.6907348632812
2024-12-13,103.99715423583984,90.67874908447266,124.63481903076172,21.083866119384766,165.4819793701172,593.5726928710938
2024-12-16,104.17436218261719,90.17411804199219,124.6537857055664,20.950963973999023,165.5593719482422,596.1072998046875
2024-12-17,104.15467071533203,90.7272720336914,124.44502258300781,20.9224853515625,164.77578735351562,593.6513061523438
2024-12-18,104.21372985839844,90.0091323852539,123.71432495117188,20.419357299804688,163.56654357910156,575.9584350585938
2024-12-19,104.20388793945312,90.17411804199219,124.73918914794922,20.51428985595703,163.6729736328125,575.7816162109375
2024-12-20,104.45000457763672,89.31041717529297,124.61582946777344,20.666175842285156,162.5797882080078,582.697265625
2024-12-23,103.79042053222656,89.19397735595703,124.72970581054688,20.495302200317383,162.62815856933594,586.1867065429688
2024-12-24,104.80439758300781,89.65978240966797,125.43193817138672,20.466825485229492,163.4311065673828,592.7020874023438
2024-12-26,105.08003997802734,89.64037322998047,126.33343505859375,20.618711471557617,164.611328125,592.7415771484375
2024-12-27,104.29248809814453,89.09691619873047,125.07134246826172,20.43834686279297,164.0018768310547,586.5020141601562
2024-12-30,102.99302673339844,88.1070556640625,123.95156860351562,20.106094360351562,161.64141845703125,579.8091430664062
2024-12-31,103.08162689208984,88.22352600097656,124.3501205444336,20.267471313476562,162.1831817626953,577.69970703125
2025-01-02,102.22515106201172,87.87415313720703,123.96106719970703,20.201021194458008,160.567626953125,576.2803344726562
2025-01-03,103.01271057128906,87.48597717285156,123.13548278808594,20.125078201293945,159.74534606933594,583.48583984375
2025-01-06,100.08889770507812,84.9531021118164,119.68131256103516,20.039644241333008,155.36305236816406,586.8471069335938
2025-01-07,101.20132446289062,84.80752563476562,120.80107116699219,19.982685089111328,156.0402374267578,580.21337890625
2025-01-08,100.97490692138672,84.8754653930664,120.29812622070312,20.030147552490234,156.81414794921875,581.0609741210938
2025-01-10,99.84278106689453,83.80797576904297,118.10604858398438,19.79282569885254,153.3895721435547,572.1896362304688
2025-01-13,101.2603988647461,84.5261001586914,119.02653503417969,19.90673828125,153.6604461669922,573.0768432617188
2025-01-14,103.64275360107422,85.07925415039062,119.73824310302734,19.96369743347168,154.53109741210938,573.8654174804688
2025-01-15,101.83136749267578,85.2636489868164,119.14990234375,19.79282569885254,154.44403076171875,584.3040161132812
2025-01-16,104.61735534667969,85.94295501708984,120.18424987792969,20.115583419799805,155.2663116455078,583.1802978515625
2025-01-17,104.81424713134766,86.0691146850586,120.72515106201172,20.030147552490234,155.8757781982422,589.035400390625
2025-01-21,105.00129699707031,86.10816192626953,120.06088256835938,19.745357513427734,156.44651794433594,594.4270629882812
2025-01-22,105.04066467285156,85.44450378417969,119.68131256103516,19.697893142700195,159.36807250976562,597.7686157226562
2025-01-23,104.63703918457031,85.79586029052734,120.54485321044922,19.697893142700195,160.73207092285156,601.0313110351562
2025-01-24,104.59766387939453,85.7665786743164,121.85440063476562,19.726375579833984,159.7364044189453,599.2766723632812
2025-01-27,107.68883514404297,89.01648712158203,124.70123291015625,20.352907180786133,165.12843322753906,590.7997436523438
2025-01-28,105.85777282714844,87.6989517211914,122.83181762695312,20.276968002319336,161.75111389160156,595.8760986328125
2025-01-29,105.10958099365234,87.41592407226562,123.05007934570312,20.22949981689453,161.79005432128906,593.204833984375
2025-01-30,105.45414733886719,88.70418548583984,124.16983032226562,20.618711471557617,162.9385223388672,596.3886108398438
2025-01-31,103.87902069091797,84.61495208740234,123.33476257324219,20.21051597595215,161.5564727783203,593.2146606445312
2025-02-03,104.77487182617188,84.93701171875,123.79025268554688,20.15355682373047,164.25245666503906,589.2225341796875
2025-02-04,104.33187103271484,84.41975402832031,122.69896697998047,19.754852294921875,163.63929748535156,593.17529296875
2025-02-05,105.5230484008789,84.53687286376953,122.65151977539062,19.688398361206055,164.49578857421875,595.580322265625
2025-02-06,103.76089477539062,83.6194839477539,122.12010955810547,18.79606056213379,164.36927795410156,597.6503295898438
2025-02-07,103.38680267333984,84.67350769042969,123.64791107177734,19.156795501708984,163.48358154296875,592.1797485351562
2025-02-10,102.92411041259766,83.89273834228516,124.72021484375,19.536514282226562,163.05532836914062,596.2012939453125
2025-02-11,103.24897003173828,85.26884460449219,126.39037322998047,19.849782943725586,164.90457153320312,596.65478515625
2025-02-12,104.30233001708984,84.64423370361328,127.04513549804688,20.094247817993164,165.0505828857422,594.7326049804688
2025-02-13,105.85777282714844,85.63970184326172,128.4495849609375,20.564008712768555,166.45211791992188,601.0115966796875
2025-02-14,103.6514663696289,83.97081756591797,125.89691925048828,21.024185180664062,158.5392608642578,600.9820556640625
2025-02-18,102.52611541748047,84.31240844726562,128.7152862548828,21.091293334960938,161.01141357421875,602.746337890625
2025-02-19,103.01969146728516,85.31763458251953,130.88836669921875,21.350141525268555,162.0430908203125,604.165771484375
2025-02-20,103.08879852294922,85.7568130493164,131.8752899169922,21.465181350708008,162.74388122558594,601.6522827148438
2025-02-21,103.97723388671875,87.3183364868164,133.0994110107422,22.356767654418945,165.68319702148438,591.3615112304688
2025-02-24,106.20819854736328,87.94294738769531,132.89065551757812,22.337594985961914,165.98492431640625,588.6705932617188
2025-02-25,109.14993286132812,90.07051849365234,134.08633422851562,22.404705047607422,168.03855895996094,585.7430419921875
2025-02-26,107.19536590576172,88.00149536132812,132.05557250976562,22.260896682739258,166.72462463378906,586.0387573242188
2025-02-27,107.96534729003906,88.03076934814453,133.0330047607422,22.1842041015625,167.37673950195312,576.6844482421875
2025-02-28,109.77183532714844,88.97744750976562,134.7600860595703,22.625205993652344,169.19677734375,585.6838989257812
2025-03-03,110.62078857421875,90.57801055908203,136.0316925048828,22.807357788085938,170.90005493164062,575.4227905273438
2025-03-04,109.28813171386719,88.8700942993164,133.9344940185547,22.452638626098633,168.5543975830078,568.611572265625
2025-03-05,109.2387924194336,89.54350280761719,134.3994903564453,22.088335037231445,169.94622802734375,574.722900390625
2025-03-06,109.4658203125,91.04647064208984,135.13967895507812,22.222551345825195,169.99488830566406,564.52099609375
2025-03-07,110.88732147216797,94.41349792480469,138.62466430664062,22.452638626098633,171.25042724609375,567.68505859375
2025-03-10,111.74615478515625,95.15522003173828,141.12353515625,22.931987762451172,171.5521240234375,552.5643920898438
2025-03-11,110.74913787841797,91.83698272705078,137.9544677734375,22.519746780395508,168.4960174560547,547.9710083007812
2025-03-12,107.62970733642578,88.6358642578125,134.0099334716797,22.117094039916992,163.87289428710938,550.8787841796875
2025-03-13,108.350341796875,88.34307861328125,134.17269897460938,22.222551345825195,164.08702087402344,543.5353393554688
2025-03-14,107.69880676269531,87.65991973876953,133.69398498535156,21.867834091186523,163.48358154296875,554.762451171875
2025-03-17,107.9159927368164,88.52851867675781,133.95248413085938,22.443052291870117,165.2257537841797,559.0404663085938
2025-03-18,106.00089263916016,87.33786010742188,133.5886688232422,22.375944137573242,163.2305145263672,552.9981079101562
2025-03-19,106.6425552368164,88.26500701904297,133.70355224609375,22.558095932006836,164.06756591796875,559.020751953125
2025-03-20,106.68203735351562,88.10885620117188,133.15782165527344,22.423877716064453,163.07479858398438,557.4041748046875
2025-03-21,105.77385711669922,88.12837219238281,132.7652587890625,22.34718132019043,162.23777770996094,557.5880126953125
2025-03-24,105.5270767211914,88.71394348144531,131.95147705078125,22.404705047607422,161.2255401611328,567.5736083984375
2025-03-25,103.38494110107422,87.43544006347656,131.1568145751953,22.145856857299805,158.50033569335938,568.93798828125
2025-03-26,104.94464111328125,89.81676483154297,133.66525268554688,22.43346405029297,162.13070678710938,562.1458740234375
2025-03-27,106.99793243408203,90.9488754272461,134.57479858398438,22.529333114624023,164.2038116455078,560.6529541015625
2025-03-28,107.70868682861328,90.5877685546875,134.71841430664062,22.7210750579834,163.54197692871094,549.3623657226562
2025-03-31,108.67609405517578,91.44660949707031,136.16412353515625,22.9895076751709,165.86813354492188,553.0501098632812
2025-04-01,108.06405639648438,91.64179992675781,136.93960571289062,22.893640518188477,166.00437927246094,554.6121215820312
2025-04-02,106.9288330078125,91.30022430419922,136.81515502929688,22.88405418395996,164.97271728515625,558.1220092773438
2025-04-03,109.33749389648438,93.69129180908203,139.036376953125,22.644380569458008,167.78550720214844,530.6171875
2025-04-04,104.72747039794922,89.4556655883789,132.0376434326172,21.40766143798828,159.37628173828125,499.5533447265625
2025-04-07,101.2329330444336,87.04507446289062,128.81112670898438,20.87079429626465,155.95028686523438,498.6635437011719
2025-04-08,100.29513549804688,86.46925354003906,127.60478973388672,20.602357864379883,154.15945434570312,490.8531188964844
2025-04-09,100.60115814208984,88.06005859375,129.39515686035156,20.880382537841797,157.9844970703125,542.4022216796875
2025-04-10,102.43726348876953,89.59230041503906,131.63551330566406,20.966663360595703,159.19137573242188,518.6345825195312
2025-04-11,103.00981140136719,91.73938751220703,133.80885314941406,21.177574157714844,162.45188903808594,527.8884887695312
2025-04-14,104.22402954101562,92.69583129882812,136.48963928222656,21.77196502685547,164.6125946044922,533.009765625
2025-04-15,103.72057342529297,91.99314880371094,135.446044921875,21.96370506286621,163.97021484375,531.5169067382812
2025-04-16,101.6376724243164,91.24165344238281,133.7514190673828,21.791139602661133,161.94577026367188,519.7023315429688
2025-04-17,104.01671600341797,93.72461700439453,136.72897338867188,22.423877716064453,166.07252502441406,520.44384765625
2025-04-21,101.81536102294922,92.93948364257812,134.1056671142578,21.350141525268555,162.3284454345703,508.0558776855469
2025-04-22,102.5162353515625,94.02885437011719,132.04721069335938,22.232141494750977,164.41448974609375,521.2743530273438
2025-04-23,100.81832122802734,92.14454650878906,127.71967315673828,21.992467880249023,162.308837890625,529.3516845703125
2025-04-24,98.92298889160156,90.97667694091797,126.70480346679688,21.810314178466797,156.23684692382812,540.4940185546875
2025-04-25,98.0345458984375,92.1641845703125,126.00589752197266,22.059574127197266,157.6960906982422,544.3992919921875
2025-04-28,97.54096984863281,89.2690200805664,125.32612609863281,22.15544319152832,158.50897216796875,544.6068725585938
2025-04-29,97.7384033203125,90.61355590820312,124.99104309082031,22.414291381835938,158.91049194335938,548.03759765625
2025-04-30,98.06415557861328,90.47615814208984,126.16866302490234,22.625205993652344,159.21409606933594,548.2550659179688
2025-05-01,91.19355010986328,89.00404357910156,124.33999633789062,22.970333099365234,156.67755126953125,552.1405029296875
2025-05-02,91.7463607788086,88.7979507446289,124.799560546875,22.9895076751709,157.20640563964844,560.3365478515625
2025-05-05,91.58841705322266,89.05310821533203,125.32612609863281,22.66355323791504,155.5513153076172,557.1233520507812
2025-05-06,90.88752746582031,89.30828094482422,127.11651611328125,22.59644317626953,155.96261596679688,552.4667358398438
2025-05-07,90.80855560302734,89.19051361083984,127.90158081054688,22.15544319152832,156.0017852783203,554.7901611328125
2025-05-08,90.9961166381836,89.14143371582031,127.85371398925781,23.066204071044922,155.37501525878906,558.6558227539062
2025-05-09,90.39395141601562,88.14039611816406,127.38459014892578,23.43050765991211,154.40545654296875,557.9439697265625
2025-05-12,93.95758819580078,87.48285675048828,130.85043334960938,23.008682250976562,157.57855224609375,576.3826904296875
2025-05-13,92.8914566040039,86.24628448486328,128.32284545898438,22.682727813720703,155.45335388183594,580.1890258789062
2025-05-14,91.96353912353516,85.9420394897461,127.82498931884766,22.43612289428711,154.75802612304688,580.9305419921875
2025-05-15,93.64207458496094,87.9637451171875,131.50149536132812,23.093732833862305,159.05738830566406,583.7679443359375
2025-05-16,94.88984680175781,89.53400421142578,133.1482391357422,23.38385581970215,159.909423828125,587.4655151367188
2025-05-19,95.03839874267578,90.0345230102539,134.7949981689453,23.209781646728516,161.36868286132812,588.108154296875
2025-05-20,95.90985107421875,90.27987670898438,135.5992431640625,23.335500717163086,162.220703125,586.130859375
2025-05-21,94.89974975585938,89.96581268310547,135.06309509277344,23.209781646728516,162.01504516601562,576.2540893554688
2025-05-22,94.28577423095703,89.21013641357422,133.79930114746094,22.726245880126953,161.62330627441406,576.4815063476562
2025-05-23,95.0086898803711,90.86872100830078,135.52264404296875,22.948671340942383,162.43617248535156,572.5465698242188
2025-05-27,96.93975067138672,90.7116928100586,136.7672882080078,23.142087936401367,164.2969512939453,584.4501953125
2025-05-28,97.00907897949219,90.05415344238281,136.60452270507812,22.77459716796875,163.9052276611328,581.0689086914062
2025-05-29,97.18732452392578,90.58411407470703,137.7151336669922,22.803611755371094,165.08042907714844,583.3626098632812
2025-05-30,97.35566711425781,91.21221160888672,137.63853454589844,23.084064483642578,166.38299560546875,582.7101440429688
2025-06-02,98.07859802246094,90.22099304199219,135.6470947265625,22.890647888183594,164.3165283203125,585.992431640625
2025-06-03,98.57373809814453,88.93534088134766,133.5599365234375,21.47871971130371,163.40574645996094,589.3341064453125
2025-06-04,98.66285705566406,88.52314758300781,132.5354766845703,20.966171264648438,162.52430725097656,589.1759033203125
2025-06-05,98.0290756225586,88.47408294677734,129.53878784179688,20.937156677246094,159.43936157226562,586.3285522460938
2025-06-06,98.10830688476562,88.5624008178711,129.0652313232422,21.014524459838867,160.63417053222656,592.3495483398438
2025-06-09,97.75178527832031,89.18069458007812,128.23410034179688,20.598682403564453,159.2042999267578,592.8834838867188
2025-06-10,98.3954849243164,90.23080444335938,128.5723419189453,20.811437606811523,159.478515625,596.244873046875
2025-06-11,98.13800811767578,90.39764404296875,128.38873291015625,21.130571365356445,158.7635955810547,594.54443359375
2025-06-12,98.11820983886719,91.40849304199219,129.39381408691406,21.31431770324707,159.81149291992188,596.9073486328125
2025-06-13,96.14751434326172,88.58203887939453,126.44622802734375,20.743741989135742,156.97137451171875,590.2338256835938
2025-06-16,96.84073638916016,88.43482971191406,126.28193664550781,20.937156677246094,157.55899047851562,595.8494262695312
2025-06-17,95.22655487060547,86.98233032226562,124.6003646850586,20.734071731567383,155.24771118164062,590.7578735351562
2025-06-18,94.95916748046875,86.55052185058594,123.66294860839844,20.656705856323242,154.75802612304688,590.6688232421875
2025-06-20,95.49392700195312,86.14813995361328,123.98185729980469,20.685718536376953,155.796142578125,589.2816162109375
2025-06-23,96.00888061523438,87.02159118652344,125.76008605957031,20.6663761138916,157.70587158203125,595.1022338867188
2025-06-24,95.08790588378906,86.54069519042969,125.58612060546875,20.4923038482666,157.04971313476562,601.6764526367188
2025-06-25,94.32538604736328,86.16777038574219,123.84656524658203,20.47296142578125,155.68841552734375,602.0136108398438
2025-06-26,94.048095703125,86.157958984375,122.58055114746094,20.41493797302246,155.35543823242188,606.7236938476562
2025-06-27,93.85993957519531,87.06084442138672,123.59529876708984,20.192508697509766,156.56002807617188,609.7380981445312
2025-06-30,95.17704010009766,89.21013641357422,124.59071350097656,20.240863800048828,156.03118896484375,612.6533813476562
2025-07-01,96.69218444824219,90.32894134521484,127.19036865234375,20.279544830322266,157.8919677734375,612.455078125
2025-07-02,97.0783920288086,90.6822509765625,127.91519165039062,20.21185302734375,157.87237548828125,615.2315063476562
2025-07-03,97.4547119140625,91.05518341064453,127.68324279785156,20.35691261291504,157.50999450683594,620.0803833007812
2025-07-07,97.62306213378906,91.59496307373047,127.22901916503906,20.21185302734375,157.18682861328125,615.4595947265625
2025-07-08,97.08830261230469,90.42707824707031,126.98741149902344,20.0184383392334,154.6306915283203,615.1224365234375
2025-07-09,97.43489837646484,89.87749481201172,127.07440185546875,20.076461791992188,154.2683563232422,618.8110961914062
2025-07-10,98.12810516357422,88.93534088134766,127.51896667480469,20.231191635131836,155.21832275390625,620.5563354492188
2025-07-11,97.09820556640625,87.91468048095703,125.03526306152344,20.637365341186523,153.80804443359375,618.3748168945312
2025-07-14,96.1277084350586,87.19824981689453,123.17974090576172,21.101560592651367,150.58595275878906,619.5547485351562
2025-07-15,94.5828628540039,86.5112533569336,122.49357604980469,20.685718536376953,149.5282440185547,616.9072875976562
2025-07-16,95.37509155273438,86.03036499023438,123.34402465820312,21.130571365356445,150.55657958984375,618.9697265625
2025-07-17,96.08809661865234,85.61817169189453,123.61463165283203,21.130571365356445,152.4075469970703,622.757568359375
2025-07-18,95.66227722167969,85.73664855957031,123.24738311767578,21.275632858276367,152.93707275390625,622.301513671875
2025-07-21,95.5533447265625,85.53919219970703,122.45491790771484,21.401351928710938,152.8680419921875,623.4815063476562
2025-07-22,97.15762329101562,87.5730209350586,124.56171417236328,21.923572540283203,156.1121826171875,623.5707397460938
2025-07-23,96.11780548095703,87.66188049316406,123.44068145751953,21.797853469848633,156.07272338867188,628.8757934570312
2025-07-24,96.33567810058594,87.3261947631836,123.45999908447266,21.759170532226562,156.5953369140625,629.083984375
2025-07-25,96.28616333007812,86.81280517578125,123.10242462158203,22.08797836303711,156.0924530029297,631.7413940429688
2025-07-28,94.75121307373047,85.3713607788086,122.59988403320312,21.623783111572266,154.91903686523438,631.582763671875
2025-07-29,95.82073211669922,85.75639343261719,123.63395690917969,21.44003677368164,154.42601013183594,629.9169311523438
2025-07-30,95.01858520507812,84.70986938476562,121.08261108398438,20.966171264648438,150.74803161621094,629.1236572265625
2025-07-31,92.8597412109375,82.7846450805664,120.43510437011719,20.734071731567383,148.37164306640625,626.763671875
2025-08-01,93.09742736816406,82.44896697998047,126.2529525756836,20.879133224487305,148.5491180419922,616.4907836914062
2025-08-04,90.61178588867188,82.30087280273438,128.66900634765625,21.44970703125,148.65757751464844,625.8612670898438
2025-08-05,90.25527954101562,82.00467681884766,129.70306396484375,20.927486419677734,148.41107177734375,622.688232421875
2025-08-06,91.6020736694336,83.53498840332031,132.09010314941406,20.734071731567383,150.7283172607422,627.457763671875
2025-08-07,91.7308120727539,83.63372039794922,132.17709350585938,21.043535232543945,151.3495330810547,626.9321899414062
2025-08-08,90.03740692138672,83.61397552490234,131.5875701904297,20.637365341186523,151.36924743652344,631.82080078125
2025-08-11,90.77023315429688,83.37701416015625,129.6450653076172,20.521312713623047,152.81874084472656,630.5713500976562
2025-08-12,91.35450744628906,83.89041137695312,129.15220642089844,21.178924560546875,152.92721557617188,637.2844848632812
2025-08-13,92.78053283691406,85.24300384521484,130.28292846679688,21.19649887084961,153.2427520751953,639.4659423828125
2025-08-14,91.70110321044922,83.57447814941406,128.9105987548828,20.561872482299805,151.59603881835938,639.5254516601562
2025-08-15,91.87496948242188,83.9891357421875,128.4757080078125,20.698562622070312,152.2073974609375,638.0281372070312
2025-08-18,92.19287109375,83.18943786621094,126.91978454589844,20.600929260253906,153.54843139648438,637.8892822265625
2025-08-19,93.44462585449219,84.75923156738281,128.48536682128906,20.98170280456543,156.1910400390625,634.4286499023438
2025-08-20,94.28907012939453,84.95669555664062,128.7849578857422,21.118391036987305,157.2855682373047,632.742919921875
2025-08-21,94.33873748779297,85.18376922607422,128.5047149658203,20.932886123657227,156.51644897460938,630.2044677734375
2025-08-22,94.3983383178711,84.84809112548828,129.0072479248047,21.098865509033203,156.457275390625,639.8823852539062
2025-08-25,92.14320373535156,82.99197387695312,126.3592529296875,20.688800811767578,153.972412109375,637.0662231445312
2025-08-26,91.7756118774414,83.07095336914062,125.45082092285156,20.298259735107422,153.79493713378906,639.733642578125
2025-08-27,92.42135620117188,83.37701416015625,125.83739471435547,20.259206771850586,154.77114868164062,641.1912841796875
2025-08-28,91.48751068115234,82.360107421875,124.39742279052734,20.054174423217773,153.47940063476562,643.4619750976562
2025-08-29,92.5505142211914,83.00184631347656,124.8033218383789,20.220151901245117,154.85000610351562,639.6245727539062
2025-09-02,92.63993072509766,83.31777954101562,124.51339721679688,20.288497924804688,155.78677368164062,634.884765625
2025-09-03,92.66973114013672,82.74515533447266,123.70160675048828,19.9663028717041,155.96426391601562,638.3256225585938
2025-09-04,94.60697174072266,82.60692596435547,124.83231353759766,20.054174423217773,156.9700469970703,643.6602783203125
2025-09-05,95.1732406616211,84.04837799072266,126.76467895507812,18.179588317871094,157.78846740722656,641.796142578125
2025-09-08,93.96122741699219,83.12032318115234,126.6573257446289,17.994081497192383,156.79254150390625,643.3727416992188
2025-09-09,94.28907012939453,83.20918273925781,127.81868743896484,18.423673629760742,157.2362823486328,644.8601684570312
2025-09-10,92.39156341552734,82.14289855957031,124.92990112304688,18.03313446044922,155.15570068359375,646.724365234375
2025-09-11,93.8022689819336,82.99197387695312,126.35478210449219,18.40414810180664,156.41786193847656,652.0988159179688
2025-09-12,92.33195495605469,82.22188568115234,124.91038513183594,18.540834426879883,155.69802856445312,651.8805541992188
2025-09-15,90.65300750732422,81.08649444580078,122.4510269165039,17.81833839416504,154.6429443359375,655.3511352539062
2025-09-16,90.9212417602539,80.44475555419922,122.0313720703125,17.701175689697266,155.845947265625,654.4487915039062
2025-09-17,91.39810180664062,81.17535400390625,122.56813049316406,17.90620994567871,158.09414672851562,653.6357421875
2025-09-18,91.46764373779297,80.4941177368164,122.49006652832031,17.671886444091797,155.12612915039062,656.6898803710938
2025-09-19,89.75889587402344,80.1386947631836,121.62147521972656,17.90620994567871,153.86395263671875,659.9423217773438
2025-09-22,86.11290740966797,78.35169219970703,121.08470916748047,16.568613052368164,150.93539428710938,663.0645751953125
2025-09-23,86.61957550048828,79.13165283203125,120.84072875976562,16.832225799560547,150.37332153320312,659.4551391601562
2025-09-24,86.2917251586914,80.09919738769531,120.94808197021484,16.46121597290039,150.29444885253906,657.3569946289062
2025-09-25,85.27839660644531,78.68737030029297,118.79125213623047,15.787535667419434,150.02821350097656,654.3242797851562
2025-09-26,86.13277435302734,78.57876586914062,119.28898620605469,16.03162384033203,150.37332153320312,658.072998046875
2025-09-29,85.60624694824219,79.37847900390625,119.7086410522461,15.953514099121094,151.38897705078125,659.9224243164062
2025-09-30,87.05668640136719,78.92432403564453,121.34820556640625,15.84611701965332,151.5072784423828,662.4082641601562
2025-10-01,87.34478759765625,78.00614166259766,120.26492309570312,15.475105285644531,151.04383850097656,664.6654052734375
2025-10-02,87.82166290283203,77.31503295898438,119.66960144042969,15.357942581176758,149.9296112060547,665.4309692382812
2025-10-03,87.3249282836914,77.00896453857422,119.63056945800781,15.436051368713379,150.14654541015625,665.421142578125
2025-10-06,88.3084487915039,76.46595764160156,117.6396484375,15.318888664245605,148.31248474121094,667.8074951171875
2025-10-07,89.42112731933594,78.10486602783203,119.3865737915039,15.836352348327637,150.4127655029297,665.3316040039062
2025-10-08,88.3382568359375,77.00896453857422,116.75153350830078,15.699664115905762,148.5885772705078,669.2990112304688
2025-10-09,87.04676818847656,76.82138061523438,116.67346954345703,16.441688537597656,148.4801025390625,667.3600463867188
2025-10-10,87.12622833251953,76.96947479248047,116.69298553466797,16.256183624267578,147.60250854492188,649.32275390625
2025-10-13,85.9539566040039,76.0019302368164,116.40019989013672,15.836352348327637,145.43319702148438,659.2860107421875
2025-10-14,86.36127471923828,77.40388488769531,117.27854919433594,15.7680082321167,147.0799102783203,658.4805908203125
2025-10-15,85.81486511230469,76.64366912841797,117.0345687866211,15.875407218933105,145.36416625976562,661.4039306640625
2025-10-16,86.6791763305664,77.08795928955078,116.81985473632812,13.776260375976562,147.51377868652344,656.8995971679688
2025-10-17,87.90113067626953,78.63846588134766,118.51799774169922,14.928350448608398,149.28866577148438,660.62841796875
2025-10-20,87.50375366210938,78.27071380615234,117.79579162597656,14.606155395507812,149.8408660888672,667.499267578125
2025-10-21,87.41433715820312,78.14151000976562,117.16144561767578,14.576866149902344,149.50559997558594,667.4893188476562
2025-10-22,87.54349517822266,79.37396240234375,117.31758880615234,14.83071517944336,150.0775146484375,664.0191040039062
2025-10-23,86.14271545410156,77.96260070800781,115.90248107910156,14.733080863952637,150.08737182617188,667.9566650390625
2025-10-24,85.32807922363281,77.52527618408203,116.06838989257812,14.645209312438965,151.41494750976562,673.4155883789062
2025-10-27,85.0797119140625,77.35631561279297,117.71772003173828,14.72331714630127,150.6702423095703,681.3603515625
2025-10-28,83.708740234375,76.6705093383789,117.75675964355469,14.166799545288086,150.30284118652344,683.1700439453125
2025-10-29,81.30457305908203,75.26909637451172,113.91156005859375,13.971529960632324,147.72117614746094,683.4982299804688
2025-10-30,81.26483917236328,76.04434967041016,117.31758880615234,13.90318489074707,148.5254669189453,675.9810180664062
2025-10-31,87.11630249023438,76.58106231689453,116.8296127319336,14.030111312866211,149.3098907470703,678.1983032226562
2025-11-03,85.71552276611328,74.5236587524414,99.80924987792969,15.758245468139648,146.97647094726562,679.4711303710938
2025-11-04,86.0334243774414,76.0841064453125,98.21846771240234,15.592266082763672,146.1324462890625,671.4169921875
2025-11-05,86.10297393798828,76.4419174194336,97.64266967773438,15.84611701965332,144.76217651367188,673.7437133789062
2025-11-06,85.64598083496094,76.79972076416016,98.3453369140625,16.070676803588867,145.09979248046875,666.514892578125
2025-11-07,86.2917251586914,78.28065490722656,101.35123443603516,16.480741500854492,145.94378662109375,667.1710815429688
2025-11-10,84.08625793457031,77.99241638183594,100.60951232910156,16.37334442138672,144.47422790527344,677.5818481445312
2025-11-11,84.9505615234375,78.98633575439453,100.55095672607422,16.324525833129883,147.49278259277344,679.1329956054688
2025-11-12,84.8214111328125,78.08187103271484,101.61473846435547,16.48073387145996,146.96652221679688,679.5109252929688
2025-11-13,84.38429260253906,78.31047058105469,101.9367904663086,16.57959747314453,146.91688537597656,668.235107421875
2025-11-14,83.84097290039062,77.5749740600586,101.51713562011719,16.47084617614746,146.62892150878906,668.1256713867188
2025-11-17,82.76429748535156,78.3303451538086,101.16580963134766,16.055614471435547,144.79197692871094,661.901123046875
2025-11-18,82.63469696044922,78.84718322753906,100.76566314697266,16.04572868347168,145.9537353515625,656.3427734375
2025-11-19,82.26583099365234,77.99241638183594,99.90684509277344,15.87765884399414,145.9537353515625,658.8783569335938
2025-11-20,83.08330535888672,78.38004302978516,101.26339721679688,15.966636657714844,147.145263671875,648.8355712890625
2025-11-21,83.76121520996094,80.43744659423828,102.64923095703125,16.451072692871094,149.85601806640625,655.2987670898438
2025-11-24,82.48516082763672,78.6980972290039,102.50283813476562,16.569711685180664,145.94378662109375,664.9437866210938
2025-11-25,83.90078735351562,79.33419799804688,103.45925903320312,16.836647033691406,147.4431610107422,671.1982421875
2025-11-26,84.28958892822266,79.55286407470703,105.68439483642578,17.02448844909668,147.204833984375,675.8318481445312
2025-11-28,84.89771270751953,79.9007339477539,106.49443054199219,17.153013229370117,147.115478515625,679.5208129882812
2025-12-01,84.31949615478516,79.45347595214844,105.92838287353516,17.02448844909668,146.4005584716797,676.41845703125
